language,category,object,document,release
EN,Energy Management System,,Operation and Installation Manual,2023-05-25
EN,Energy Management System,,Operation and Installation Manual,2023-05-25
EN,Energy Management System,,Operation and Installation Manual,2023-05-25
EN,MaxiCharger AC,Compact,User Manual,2023-03-02
EN,MaxiCharger AC,Compact,User Manual,2023-03-02
EN,MaxiCharger AC,Compact,Quick Guide,2023-02-15
EN,MaxiCharger AC,Compact,Quick Guide,2023-02-15
EN,MaxiCharger AC,Compact,Quick Guide,2023-02-15
EN,MaxiCharger AC,Ultra,User Manual,2023-07-06
EN,MaxiCharger AC,Ultra,User Manual,2023-07-06
EN,MaxiCharger AC,Ultra,Quick Guide,2023-03-30
EN,MaxiCharger AC,Ultra,Quick Guide,2023-03-30
EN,MaxiCharger AC,Ultra,Quick Guide,2023-03-30
EN,MaxiCharger AC,Wallbox,Quick Guide,2023-05-23
EN,MaxiCharger AC,Wallbox,Quick Guide,2023-05-23
EN,MaxiCharger AC,Wallbox,Quick Guide,2023-05-23
EN,MaxiCharger AC,Wallbox Pedestal EP,Quick Guide,2023-05-12
EN,MaxiCharger AC,Wallbox Pedestal EP,Quick Guide,2023-05-12
EN,MaxiCharger AC,Wallbox,Installation and Operation Manual,2023-07-17
EN,MaxiCharger AC,Wallbox,Installation and Operation Manual,2023-07-17
EN,MaxiCharger AC,Wallbox,Installation and Operation Manual,2023-07-17
EN,MaxiCharger AC,Pedestal,Quick Guide,2023-02-23
EN,MaxiCharger AC,Pedestal,Quick Guide,2023-02-23
EN,MaxiCharger AC,,Maintenance Manual,2022-02-24
EN,MaxiCharger AC,,Maintenance Manual,2022-02-24
EN,MaxiCharger AC,,Maintenance Manual,2022-02-24
EN,MaxiCharger AC,,Maintenance Manual,2022-02-24
EN,MaxiCharger DC,Compact,Installation and Operation Manual,2023-05-05
EN,MaxiCharger DC,Compact,Installation and Operation Manual,2023-05-05
EN,MaxiCharger DC,Compact,Service Manual,2023-04-13
EN,MaxiCharger DC,Compact,Service Manual,2023-04-13
EN,MaxiCharger DC,Compact,Service Manual,2023-04-13
EN,MaxiCharger DC,Compact,Service Manual,2023-04-13
EN,MaxiCharger DC,Fast,Installation and Operation Manual,2023-05-17
EN,MaxiCharger DC,Fast,Installation and Operation Manual,2023-05-17
EN,MaxiCharger DC,Fast,Service Manual,2023-04-13
EN,MaxiCharger DC,Fast,Service Manual,2023-04-13
EN,MaxiCharger DC,Fast,Service Manual,2023-04-13
EN,MaxiCharger DC,Fast,Service Manual,2023-04-13
EN,MaxiCharger DC,Fast CMS,Quick Guide,null
EN,MaxiCharger DC,Fast CMS,Quick Guide,null
EN,MaxiCharger DC,Fast CMS,Quick Guide,null
EN,MaxiCharger DC,Fast CMS,Quick Guide,null
EN,MaxiCharger DC,Fast CMS,Quick Guide,null
EN,Energy Management System,,Operation and Installation Manual,2023-05-25
EN,Energy Management System,,Operation and Installation Manual,2023-05-25
